biases,attribute1,attribute2,attribute3,attribute4
-0.37985554,-0.69843544,0.91935441,-2.97605902,-1.2179394
-0.2104511,0.33126804,-0.67499836,-0.00465919,-0.68195447
0.59030665,0.3671674,-0.24435605,2.98071821,1.89989387
