biases,attribute1,attribute2,attribute3,attribute4
-0.20531681,-1.07404149,1.16006342,-1.93062866,-1.81168873
2.07486525,0.58780051,-0.36182377,-0.36346274,-0.82619289
-1.86954844,0.48624098,-0.79823965,2.2940914,2.63788161