bias,bill_length_mm,bill_depth_mm,flipper_length_mm,body_mass_g,year,torgersen,biscoe,dream
-5.423291449735956462e-05,-2.914147047380170608e-01,1.177940075931565911e+00,-4.317889410884785395e-01,-5.071364217921208936e-03,5.191268713034398463e-02,1.545358421386072711e-01,-2.304266355159404200e-01,7.583644125906796596e-02
